{
  "timestamp": "2025-11-29T20:03:42.889044",
  "version": "1.0",
  "benchmarks": {
    "compression_ratio": {
      "status": "PASS",
      "duration": 0.0009584426879882812,
      "results": {
        "simple_script": {
          "original_bytes": 24,
          "compressed_bytes": 13,
          "ratio": 1.8461538461538463,
          "expected_ratio": 50,
          "passes": false
        },
        "medium_function": {
          "original_bytes": 1156,
          "compressed_bytes": 13,
          "ratio": 88.92307692307692,
          "expected_ratio": 500,
          "passes": false
        }
      }
    },
    "performance": {
      "status": "PASS",
      "duration": 0.004261016845703125,
      "results": {
        "small": {
          "avg_time_ms": 0.01110658049583435,
          "iterations": 10,
          "throughput": 90036.71295364594
        },
        "medium": {
          "avg_time_ms": 0.2822446636855602,
          "iterations": 5,
          "throughput": 3543.0253558808395
        },
        "large": {
          "avg_time_ms": 2.7257688343524933,
          "iterations": 1,
          "throughput": 366.8689682694791
        }
      }
    },
    "accuracy": {
      "status": "PASS",
      "duration": 4.982948303222656e-05,
      "results": {
        "round_trip_tests": 3,
        "avg_reconstruction_error": 0.24146628760559696,
        "max_error": 0.25757134933839204,
        "accuracy_percent": 75.8533712394403
      }
    },
    "edge_cases": {
      "status": "PASS",
      "duration": 0.00027871131896972656,
      "results": {
        "empty": {
          "status": "handled",
          "health": 0.0,
          "has_insights": true
        },
        "whitespace_only": {
          "status": "handled",
          "health": 0.0,
          "has_insights": true
        },
        "comments_only": {
          "status": "handled",
          "health": 0.0,
          "has_insights": true
        },
        "unicode": {
          "status": "handled",
          "health": 0.43707367273339787,
          "has_insights": true
        },
        "very_long_line": {
          "status": "handled",
          "health": 0.4095097403695206,
          "has_insights": true
        }
      }
    },
    "multi_language": {
      "status": "PASS",
      "duration": 7.724761962890625e-05,
      "results": {
        "python": {
          "ljpw": {
            "L": 0.0,
            "J": 0.08839999999999999,
            "P": 0.0,
            "W": 0.041600000000000005
          },
          "health": 0.43707367273339787,
          "analyzed": true
        },
        "javascript": {
          "ljpw": {
            "L": 0.0,
            "J": 0.0,
            "P": 0.0,
            "W": 0.0
          },
          "health": 0.4095097403695206,
          "analyzed": true
        },
        "rust": {
          "ljpw": {
            "L": 0.0,
            "J": 0.0,
            "P": 0.0,
            "W": 0.0
          },
          "health": 0.4095097403695206,
          "analyzed": true
        },
        "java": {
          "ljpw": {
            "L": 0.0,
            "J": 0.0,
            "P": 0.0,
            "W": 0.041600000000000005
          },
          "health": 0.4199071132580034,
          "analyzed": true
        }
      }
    }
  }
}